[
  {
    "badgeID": 1,
    "modiID": 1,
    "data": {
      "imageName": "USB_Wimmelbild",
      "buttons": [
        {
          "text": "Gefunden! Auf gar keinen Fall einen gefundenen USB-Stick verwenden, unbedingt vor einer Nutzung prüfen.",
          "topLeftCorner": {
            "x": 5,
            "y": 0
          },
          "bottomRightCorner": {
            "x": 40,
            "y": 15
          }
        },
        {
          "text": "Gefunden! Externe Datenträger aus der Firma sollten nicht mit nach Hause genommen werden, um diese dann private Daten zu speichern.",
          "topLeftCorner": {
            "x": 40,
            "y": 45
          },
          "bottomRightCorner": {
            "x": 50,
            "y": 65
          }
        },
        {
          "text": "Gefunden! Externe Geräte sollten in speziellen Netzen laufen, da diese oft Zugang zum Internet haben und sich darüber Schadsoftware einschleusen kann beim nächsten verbinden mit dem ICS.",
          "topLeftCorner": {
            "x": 70,
            "y": 50
          },
          "bottomRightCorner": {
            "x": 99,
            "y": 70
          }
        }
      ]
    }
  }
]