[
   {
      "badgeID": 3,
      "modiID": 1,
      "data": [
         {
            "text": "Hi, kannst du mir nochmal erklären, was allgemein zu beachten ist beim Arbeiten mit Fernwartungssoftware?",
            "category": "bubble-right"
         },
         {
            "text": "Hallo, natürlich worauf du auf jeden Fall achten solltest.",
            "category": "bubble-left"
         },
         {
            "text": "Wird der Zugriff über Remote Anwendungen für die Verwendung im ICS genehmigt, so muss dabei sichergestellt werden, dass diese entsprechend akzeptiert werden. Oftmals sorgen OPC(Open Platform Communications) jedoch Zugang zum ICS. Daher sind in der Vergangenheit viele Fernzugriffsanwendungen nicht sicher genug entwickelt worden und können zu beträchtlichen Sicherheitslücken führen. Deswegen müssen Fernzugriffsanwendungen vor der Verwendung im ICS ordnungsgemäß geprüft werden. Daher sollten neue Fernzugriffsprodukte erst dann eingesetzt werden,  wenn diese korrekt untersucht und von entsprechenden Stellen auf Schwachstellen geprüft sind.",
            "category": "bubble-left"
         },
         {
            "text": "Danke für die Info, kann dabei etwas Schlimmes passieren?",
            "category": "bubble-right"
         },
         {
            "text": "Ja Achtung, durch Software für den Fernzugriff kann sich die Möglichkeit ergeben, dass ein externer PC wie eine Arbeitsstation oder ein Laptop sich mit Schadsoftware infiziert. Dies könnte zur Folge haben, dass sich auch das ICS beim erneuten Verbinden ebenfalls infiziert und dadurch wird es angreifbar. Ein Szenario wäre, dass sich ein externer Laptop mit dem Internet verbindet und sich dort infiziert. Dieser verbindet sich danach wieder über eine Remote-Desktop-Anwendung via beispielsweise VPN(Virtual Private Network) mit dem Unternehmensnetz oder dem ICS und infiziert somit auch diese.",
            "category": "bubble-left"
         },
         {
            "text": "Oh Okay, das klingt auf jeden Fall Bedenklich. Hast du noch einen Tipp was zu beachten ist wenn ein Fernzugriff beendet werden soll?",
            "category": "bubble-right"
         },
         {
            "text": "Beim Beenden eines Fernzugriffs gilt zu beachten dass, das Unternehmen sicherstellt nachdem ein Fernzugriff abgeschlossen ist das dieser fachgerecht von der Unternehmensseite geschlossen wird. Fernzugriffsverbindungen die nicht korrekt beendet wurden bieten ein unnötiges Risiko sodass die Verbindung ausgenutzt werden kann. Dadurch können Angreifer versuche die Kontrolle zu übernehmen wodurch sich die Angriffsfläche dadurch vergrößert. Ein Schutz dagegen wäre es, dass die Verbindung nach einer gewissen Zeit der Inaktivität automatisch beendet wird.",
            "category": "bubble-left"
         },
         {
            "text": "Danke für die Erklärung!",
            "category": "bubble-right"
         }
      ]
   }
]