[
  {
    "badgeID": 3,
    "modiID": 1,
    "data": {
      "text": "Unternehmen sollten unbedingt über eine Dokumentation und Autorisierung aller Fernzugriffsverbindungen verfügen, bevor sie verwendet werden dürfen. Es wird ein Verfahren zur Beantragung benötigt zwischen einem Client und einem Server. Zudem gibt es ein Validierungs- und Genehmigungsverfahren für die entsprechende Verbindung, die erwartete Nutzung und einen Ablauf für die Vorbereitung eines Fernzugriffs. Die Dokumentation sollte alle interaktiven Fernzugriffsverbindungen aufzeigen. Folgende Punkte müssen daher vorhanden sein: der Nutzen, die verwendete Software, sämtliche Verschlüsselungs- und Authentifizierungs Technologien, wie der Verbindungsaufbau stattfindet beispielsweise über das Internet oder VPN, alle Umstände die Notwendig sind für die Verbindung, die dauer der Verbindung mit alle Informationen wie Standort und Identität des anderen Geräts.",
      "aufgaben": [
        {
          "frage": "Welche folgende Aussage gilt für die Dokumentation bei Fernzugriffsverbindungen?",
          "antworten": [
            {
              "text": "Es muss ein Verfahren dokumentiert werden wie ein Fernzugriff beantragt wird.",
              "isRichtig": true
            },
            {
              "text": "Für Fernzugriffe wird keine Dokumentation benötigt, da dies meist telefonisch oder per E-Mail geklärt wird, wenn ein Fernzugriff erfolgt.",
              "isRichtig": false
            },
            {
              "text": "Es muss lediglich dokumentiert werden, wann der Fernzugriff stattfindet.",
              "isRichtig": false
            },
            {
              "text": "Ein Validierungs- und Genehmigungsverfahren für die entsprechende Verbindung.",
              "isRichtig": true
            },
            {
              "text": " Ein Verfahren zur Vorbereitung der Verbindung für die Nutzung.",
              "isRichtig": true
            }
          ]
        }
      ]
    }
  }
]