[
  {
    "badgeID": 1,
    "modiID": 1,
    "data": [
      {
        "text": "Nicht in Panik geraten, das infizierte Gerät nicht ausschalten oder das Netzteil ziehen, es wird ein laufendes System benötigt"
      },
      {
        "text": " System isolieren, sofort alle Netzwerkverbindungen trennen. Netzwerkkabel ziehen und das WLAN deaktivieren. Die Schadsoftware darf sich nicht weiter verbreiten"
      },
      {
        "text": "Analysieren welche Systeme von dem infizierten Endgerät noch betroffen sein könnten"
      },
      {
        "text": " Wenn möglich sofort alle Passwörter ändern die von dem betroffenen System infiziert sein könnten"
      },
      {
        "text": "Vorgesetzte informieren und in Kenntnis über das Problem setzen, das somit auch ggf. Kunden informiert werden können und Mitarbeiter"
      },
      {
        "text": "Kontrollieren Sie die Datensicherung, ob diese infiziert ist und mit dem Endgerät in Verbindung stehen könnte"
      },
      {
        "text": "Ist das infizierte Endgerät in Quarantäne und das restliche Netzwerk gesichert versuchen sie sämtliche Daten zu sichern auf dem Betroffenen Gerät für eine spätere Analyse"
      }
    ]
  }
]