[
    {
        "badgeID": 1,
        "title": "Schadsoftware externe Datenträger",
        "text": "Was gilt es im Umgang mit Wechseldatenträgern und externer Hardware zu beachten. Welche Bedrohungen ergeben sich dadurch für das Unternehmen und welche Maßnahmen können ergriffen werden.",
        "passed": false,
        "unlocked": false,
        "modis": [
            {
                "title": "Konversation",
                "modiID": 1
            },
            {
                "title": "Multiplechoice",
                "modiID": 1
            },
            {
                "title": "Ablaufanordnung",
                "modiID": 1
            },
            {
                "title": "Wimmelbild",
                "modiID": 1
            },
            {
                "title": "Zuordnung",
                "modiID": 1
            }
        ]
    }
]