[
    {
        "badgeID": 4,
        "title": "Segmentierung von Netzwerken",
        "text": "Was gilt es im Bereich der Segmentierung von Netzwerken zu beachten und welche Merkmale gelten als besonders relevant.",
        "passed": false,
        "unlocked": false,
        "modis": [
            {
                "title": "Konversation",
                "modiID": 1
            },
            {
                "title": "Multiplechoice",
                "modiID": 1
            },
            {
                "title": "Ablaufanordnung",
                "modiID": 1
            },
            {
                "title": "Wimmelbild",
                "modiID": 1
            },
            {
                "title": "Zuordnung",
                "modiID": 1
            }
        ]
    }
]