[
   {
      "badgeID": 4,
      "modiID": 1,
      "data": [
         {
            "text": "Hallo, ich muss demnächst unserem Chef etwas über Netzwerksegmentierung vortragen. Bitte sag mir doch mal was du davon hältst.",
            "category": "bubble-left"
         },
         {
            "text": "Na klar, Kollege. ;-)",
            "category": "bubble-right"
         },
         {
            "text": "Ok also, bei der Segmentierung muss sichergestellt werden das für die Verbindung zwischen den ICS und den Nicht-ICS Netzwerken entsprechende Segmentierungsrichtlinien festgelegt sind. Denn durch externe Netzwerke ist es möglich das der Zugang zum ICS von unbekannten Angreifern ausgenutzt werden kann und dies stellt eine mögliche Bedrohung dar. Eine Netzwerksegmentierung eignet sich daher dafür den Verkehr der Daten- und Kontrollflüsse, sowie das einschränken der  Sichtbarkeit zwischen dem ICS und externen Systemen. Außerdem sollte der Transport der Informationen zwischen den externen Systemen zwingend identifiziert, verwaltet, autorisiert und dokumentiert werden. Ebenfalls sollten alle Netzsegmentverbindungen die mit entsprechenden externen Verbindungen in Kontakt treten dokumentiert und anhand der möglichen Sicherheitsrisiken bewertet werden. Diese müssen dann in entsprechende Kategorien eingestuft werden wie beispielsweise vertrauenswürdig oder nicht vertrauenswürdig.",
            "category": "bubble-left"
         },
         {
            "text": "Ok sehr gut, da war einiges, was ich selbst nicht wusste, hast du sonst noch was?",
            "category": "bubble-right"
         },
         {
            "text": "Ja ich habe noch was, verfügt das ICS über ein Sicherheitssystemnetzwerk muss hierbei gewährleistet sein das dieses von sämtlichen Störungen des Nicht-Sicherheitssystemnetzwerks und dessen Geräten isoliert und geschützt ist. Bei einem Sicherheitssystemnetzwerk handelt es sich  beispielsweise um die Firewall und ihre Regeln sowie bestimmte Endpunkte oder auch Gateways. Wichtig zu beachten ist, dass diese Systeme unabhängig von sämtlichen Kontrollsystemen und anderen Netzwerken einschließlich drahtgebundener Netze sowie drahtloser Netzwerke. Obwohl es oftmals erforderlich ist, dass die Sicherheitssysteme Zugänglich sein müssen für entsprechende Benutzer wie Techniker oder auch Verwaltungsmitarbeiter, so darf auf keinen Fall das System mit anderen Netzwerken oder Steuersystemen verbunden sein.",
            "category": "bubble-left"
         },
         {
            "text": "Denn dadurch könnte es passieren, dass Funktionen oder die Kommunikation des Systems gestört oder anderweitig beeinträchtigt werden. Da die Störung von außerhalb ein Problem für die Sicherheitssysteme darstellen kann, sollte bei der Erstellung von Zonen darauf besonders viel Aufmerksamkeit geschenkt werden.",
            "category": "bubble-left"
         },
         {
            "text": "Das war alles erstmal.",
            "category": "bubble-left"
         },
         {
            "text": "Hey wow, das war doch echt ordentlich, da sollte doch beim Chef alles glatt laufen... ;-).",
            "category": "bubble-right"
         }
      ]
   }
]