[
  {
    "badgeID": 1,
    "modiID": 1,
    "data": {
      "imageName": "USB_Wimmelbild",
      "buttons": [
        {
          "text": "Gefunden! Genau das ICS sollte nicht ausfallen, sobald es vom Nicht-ICS-Netzwerk getrennt wird, es sollte mindestens noch im verlangsamten oder optimierten Modus laufen.",
          "topLeftCorner": {
            "x": 5,
            "y": 0
          },
          "bottomRightCorner": {
            "x": 40,
            "y": 15
          }
        }
      ]
    }
  }
]