[
  {
    "badgeID": 2,
    "modiID": 1,
    "aufgabenstellung":"Sie beaufsichtigen einen Kollegen, der zum ersten Mal einen neuen Sicherheitspatch in einer Anlage vom ICS einspielen soll. Da Ihr Kollege das noch nie zuvor gemacht hat, werden Sie ihm dies nun demonstrieren. Der Patch wurde über einen USB-Stick ausgeliefert. Bitte ordnen Sie den Ablauf korrekt an.",
    "data": [
      {
        "text": "Sicherheitsupdate auf Authentizität prüfen und Integrität."
      },
      {
        "text": "Die manipulationssicheren Siegel des USB-Sticks prüfen."
      },
      {
        "text": "Überprüfen ob das Speichermedium Freigegeben ist und verwendet werden darf."
      },
      {
        "text": "Das Speichermedium auf Kompatibilität prüfen."
      },
      {
        "text": "Patch einspielen."
      },
      {
        "text": "Patch dokumentieren mit Patchkennung, angewandte Software, Datum der Freigabe und Installation."
      },
      {
        "text": "Anlage auf Funktion und Konfigurationszustand prüfen."
      },
      {
        "text": "Patch Dokumentation ordnungsgemäß digital oder analog abheften bzw. speichern."
      }
    ]
  }
]