[
  {
    "badgeID": 2,
    "modiID": 1,
    "data": {
      "text": "Der Status eines Patches besitzt eine hohe Priorität. Daher muss sichergestellt sein, dass für alle Geräte mit ihren entsprechenden Patches der Status unbedingt aktuell gehalten wird sowie ausführlich dokumentiert. Das wird benötigt, falls Diagnosen oder forensische Untersuchungen notwendig sein sollten. Der Nutzen daraus ist vor allem, dass im Falle einer Schwachstelle oder eines Sicherheitsvorfalls diese besser beurteilt werden können. Die Dokumentation für den Status eines Patches sollte unbedingt die Patchkennung, die anwendbare Software, die gepatcht wird, das Datum der Freigabe und die geplante oder tatsächliche Installation. Außerdem ist es beim Einspielen eines Patches wichtig darauf zu achten, dass der Zustand des ICS sich durch den Inhalt des Patches nicht negativ auf die Konfiguration des Gerätes auswirkt. Daher gilt dies zu überprüfen, denn durch das Einspielen eines Sicherheitspatches darf die Sicherheit des Systems nicht darunter leiden.",
      "aufgaben": [
        {
          "frage": "Warum sollte ein Sicherheitspatch dokumentiert und stets aktuell gehalten werden?",
          "antworten": [
            {
              "text": "Dokumentation ist unnötig, im Nachhinein ist es sowieso schon zu spät.",
              "isRichtig": false
            },
            {
              "text": "Damit im Falle einer forensischen Untersuchung nachvollzogen werden kann, welcher Patch sich auf einem Gerät befindet.",
              "isRichtig": true
            },
            {
              "text": "Dadurch ist es einfacher zu beurteilen wie gravierend eine Schwachstellen bezüglich des aktuellen Patches ist.",
              "isRichtig": true
            },
            {
              "text": "Dadurch das der Patch dokumentiert ist steigt seine technische Sicherheit.",
              "isRichtig": false
            }
          ]
        },
        {
          "frage": "Welche primären Merkmale sollten bei der Dokumentation für den Patch Status auf jeden Fall vorhanden sein?",
          "antworten": [
            {
              "text": "Es reicht lediglich die Patchkennung, dass versteht jeder Kollege.",
              "isRichtig": false
            },
            {
              "text": "Sie können die Infos des Patch Herausgebers angeben dort stehen alle wichtigen Informationen.",
              "isRichtig": false
            },
            {
              "text": "Die Patchkennung, die anwendbare Software die gepatcht werden soll, das Datum der Patchfreigabe und der Installation (geplant oder tatsächlich) sind essentiell für die Dokumentation.",
              "isRichtig": true
            }
          ]
        }
      ]
    }
  }
]