[
  {
    "badgeID": 4,
    "modiID": 1,
    "data": {
      "text": "Ein weiterer wichtiger Punkt, der sichergestellt werden muss, ist der Fall, wenn externe Netze vom ICS Netzwerk getrennt werden. Hierbei muss das ICS wie vorgesehen funktionieren, es muss somit ein ausfallsicherer Betrieb gewährleistet werden. Zudem sollten eine sichere Abschaltung sowie ein eingeschränkter Betrieb sichergestellt sein. Denn das ICS muss weiterhin in der Lage sein, wie vorgesehen zu arbeiten, auch wenn die Kommunikation mit externen Netzwerken verloren gehen sollte. Sollte der Fall eintreten, so muss mindestens sichergestellt sein, dass die essentiellen Funktionen noch aufrechterhalten werden und das ICS minimal in einem verschlechterten oder  optimierten Zustand funktionsfähig ist. Des Weiteren bietet es sich an, ein Verfahren zu erstellen, welches gewährleistet, dass das ICS von externen Netzwerken schnellstmöglich getrennt werden kann. Damit im Falle einer mutmaßlichen Bedrohung sofort reagiert werden kann. Hierfür gilt die Bedingung, dass es bei einem Sicherheitsvorfall entweder logisch oder physisch von einem externen Netzwerk getrennt werden kann. Zu beachten gilt dabei aber unbedingt, dass diese sofortige Trennung kein höheres Risiko darstellt als die eigentliche Bedrohung.",
      "aufgaben": [
        {
          "frage": "Was muss sichergestellt sein bei der Trennung von externen Netzen vom ICS?",
          "antworten": [
            {
              "text": "Das ICS muss noch wie vorgesehen funktionieren",
              "isRichtig": true
            },
            {
              "text": "Es wird ein ausfallsicherer Betrieb benötigt",
              "isRichtig": true
            },
            {
              "text": "Eine sichere Abschaltung wird nicht benötigt",
              "isRichtig": false
            }
          ]
        },
        {
          "frage": "Auf was muss geachtet werden, um das ICS Netz schnell von einem externen Netzwerk zu trennen?",
          "antworten": [
            {
              "text": "Es wird zunächst ein Verfahren für die Trennung benötigt.",
              "isRichtig": true
            },
            {
              "text": "Es muss logisch oder physisch getrennt werden",
              "isRichtig": true
            },
            {
              "text": "Es muss darauf geachtet werden das kein höheres Risiko durch die Trennung entsteht",
              "isRichtig": true
            }
          ]
        }
      ]
    }
  }
]