[
  {
    "badgeID": 4,
    "modiID": 1,
    "data": [
      {
        "frage": "Falsche Aussagen",
        "antworten": [
          {
            "text": "Netzwerke benötigen keine Segmentierung, wenn diese gleichermaßen abgesichert sind."
          },
          {
            "text": "Ich kann das Nicht-ICS einfach vom ICS trennen, das ist vollkommen unbedenklich."
          }
        ]
      },
      {
        "frage": "Richtige Aussagen",
        "antworten": [
          {
            "text": "Der Verkehr zwischen ICS und externen Systemen sollte unbedingt identifiziert, verwaltet, autorisiert und dokumentiert werden."
          },
          {
            "text": "Wenn das ICS über ein Sicherheitssystemnetzwerk verfügt, muss gewährleistet werden, dass dieses von Störungen durch das Nicht-Sicherheitssystemnetzwerk und deren Geräten geschützt ist."
          }
        ]
      }
    ]
  }
]