[
    {
        "badgeID": 2,
        "title": "Umgang mit Patches",
        "text": "Was gilt es beim Einspielen von Sicherheitspatches zu beachten und welche Komplikationen können dadurch entstehen.",
        "passed": false,
        "unlocked": false,
        "modis": [
            {
                "title": "Konversation",
                "modiID": 1
            },
            {
                "title": "Multiplechoice",
                "modiID": 1
            },
            {
                "title": "Ablaufanordnung",
                "modiID": 1
            },
            {
                "title": "Wimmelbild",
                "modiID": 1
            },
            {
                "title": "Zuordnung",
                "modiID": 1
            }
        ]
    }
]