[
   {
      "badgeID": 2,
      "modiID": 1,
      "data": [
         {
            "text": "Hallo, hast du kurz Zeit, mir nochmal etwas zum Patchmanagement der Sicherheitspatches zu erklären?",
            "category": "bubble-right"
         },
         {
            "text": "Hi, ja natürlich, vielleicht erstmal Allgemein.",
            "category": "bubble-left"
         },
         {
            "text": "Beim Einspielen von Sicherheitspatches im Rahmen des Patchmanagements sind grundlegende Dinge zu beachten. Es muss sichergestellt werden, dass sämtliche Sicherheitspatches, die installiert sind, auf Authentizität und Integrität geprüft werden.",
            "category": "bubble-left"
         },
         {
            "text": "Die meisten Patches werden in der Regel in Form von Netzwerkübertragungen, CDs/DVDs und USB-Sticks vom Hersteller bereitgestellt.",
            "category": "bubble-left"
         },
         {
            "text": "Daher resultiert aus dieser Tatsache die Notwendigkeit, dass die Integrität und die Authentizität der Patches überprüft werden muss. Zu beachten ist, dass alle Patches direkt vom Entwickler zur Verfügung gestellt werden.",
            "category": "bubble-left"
         },
         {
            "text": "Danke für die allgemeine Übersicht. Hilf mir bitte nochmal auf die Sprünge, was war nochmal Authentizität und Integrität?",
            "category": "bubble-right"
         },
         {
            "text": "Naja, die Authentizität ist eigentlich ein Teil der Integrität. Im Prinzip ist ein Patch integer, wenn die Daten unversehrt, vollständig und aktuell bleiben. Die Authentizität ist ein Aspekt davon und zwar, dass der Ursprung der Daten festgestellt werden kann.",
            "category": "bubble-left"
         },
         {
            "text": "Danke für die Info. Zu den Patches kann da etwas schiefgehen, sollte ich da etwas beachten, gibt es Arten von Schutzfunktionen?",
            "category": "bubble-right"
         },
         {
            "text": "Auf jeden Fall und zwar: eine Schutzfunktion für die Gewährleistung der Authentizität und Integrität sind beispielsweise digitale Signaturen. Bei Medien wie CDs/DVDs und USB sollten manipulationssichere Siegel verwendet werden.",
            "category": "bubble-left"
         },
         {
            "text": "Achso und bevor ich noch vergesse. Es  muss außerdem gewährleistet sein beim Einspielen von Patches, dass die Sicherheitspatches mit der Gerätesoftware des ICS-Systems kompatibel, sowie zur Installation freigegeben sind und erst nach dieser Freigabe installiert werden. Oft werden Sicherheitspatches unabhängig von der Software des ICS entwickelt, beispielsweise bei Betriebssystemen und werden dann bereitgestellt. Dadurch kann es sein, dass auch das ICS den Sicherheitspatch benötigt.",
            "category": "bubble-left"
         },
         {
            "text": "Somit ist es wichtig, regelmäßig die Sicherheitspatches zu überprüfen. Da Sicherheitspatches Schwachstellen schließen, wird ein ungepatchtes ICS anfällig, durch nicht einspielen oder nicht aktuell halten der Patches. Deshalb ist ein rechtzeitiges Einspielen unerlässlich, um die Risiken auf ein annehmbares Maß zu reduzieren.",
            "category": "bubble-left"
         },
         {
            "text": "Besten Dank für alle Infos, das hilft mir auf jeden Fall weiter, wenn ich das nächste Mal einen Sicherheitspatch einspiele. :-)",
            "category": "bubble-right"
         }
      ]
   }
]